route,handler,methods,E1,E2,E3,E4,E5,E6
"api/v1/payment/product-details","GetProductDetails","GET","✓","?","⚠","n/a","n/a","n/a"
"api/v1/payment/validate-coupon","ValidateCoupon","POST","✓","✓","⚠","n/a","n/a","n/a"
"api/v1/payment/check-session","CheckSession","GET","✓","✓","⚠","n/a","n/a","n/a"
"api/v1/payment/create-order","CreateOrder","POST","✓","✓","⚠","⚠","⚠","⚠"
"api/v1/payment/callback/<int:order_id>","PaymentCallback","GET|POST","✓","?","⚠","n/a","n/a","n/a"
"api/v1/payment/callback/<int:order_id>/<int:tracking_id>","PaymentCallback","GET|POST","✓","?","⚠","n/a","n/a","n/a"
"api/v1/payment/order-status","GetOrderStatus","GET","✓","✓","⚠","⚠","⚠","⚠"
"api/v1/payment/invoice","GetInvoice","GET","✓","✓","⚠","n/a","n/a","?"
"api/v1/payment/usage-count","GetUsageCount","GET","✓","?","⚠","n/a","n/a","n/a"
"api/v1/payment/last-usage","GetLastUsage","GET","✓","?","✓","n/a","n/a","?"
"api/v1/companions/payment/product-details","CompanionProductDetails","GET","✓","✓","n/a","n/a","n/a","n/a"
"api/v1/companions/payment/validate-coupon","CompanionValidateCoupon","POST","✓","✓","⚠","n/a","n/a","n/a"
"api/v2/companions/payment/create-order","CompanionCreateOrder","POST","✓","✓","⚠","⚠","⚠","⚠"
"api/v1/companions/payment/callback/<int:order_id>","CompanionPaymentCallback","POST|GET","✓","✓","n/a","n/a","n/a","n/a"
"api/v1/companions/payment/order-status","CompanionOrderStatus","GET","✓","✓","⚠","⚠","⚠","⚠"
"api/v1/companions/payment/invoice","CompanionGetInvoice","GET","✓","?","⚠","n/a","n/a","?"
"api/v1/companions/order-shipping-address","OrderShippingAddressAPIView","GET|POST","✓","✓","⚠","n/a","n/a","n/a"
"api/token/","TokenObtainPairView","","?","?","?","?","?","?"
"api/token/refresh/","TokenRefreshView","","?","?","?","?","?","?"
"admin/","urls","","?","?","?","?","?","?"
"","home","<func>","✓","?","n/a","n/a","n/a","n/a"
"health-check","HealthCheck","GET","✓","✓","n/a","n/a","n/a","n/a"
"api/<int:version>/upload-image","UploadImageToS3","POST","✓","?","⚠","n/a","n/a","n/a"
"college-compare","HealthCheck","GET","✓","✓","n/a","n/a","n/a","n/a"
"api/<int:version>/compare/college-dropdown","CollegeDropdown","GET","✓","✓","n/a","n/a","n/a","n/a"
"api/<int:version>/compare/degree-dropdown","DegreeDropdown","GET","✓","✓","n/a","n/a","n/a","n/a"
"api/<int:version>/compare/course-dropdown","CourseDropdown","GET","✓","✓","n/a","n/a","n/a","n/a"
"api/<int:version>/compare/submit","ComparePostSubmit","POST","✓","✓","⚠","n/a","n/a","n/a"
"api/<int:version>/compare/card-display","CardDisplay","GET","✓","✓","n/a","n/a","n/a","n/a"
"api/<int:version>/compare/top-colleges-courses","TopCollegeCourses","GET","✓","✓","n/a","n/a","n/a","n/a"
"api/<int:version>/compare/colleges-alias","CompareAlias","GET","✓","✓","⚠","n/a","n/a","n/a"
"api/<int:version>/compare/peer-comparison","PeerComparison","GET","✓","✓","n/a","n/a","n/a","n/a"
"api/<int:version>/compare/seo-tags","CompareSeoTagsAPI","GET","✓","✓","n/a","n/a","n/a","n/a"
"api/<int:version>/compare/user-preferences","UserPreference","POST","✓","✓","⚠","n/a","n/a","n/a"
"api/<int:version>/compare/user-preferences/details","UserPreferenceDetails","GET","✓","✓","⚠","n/a","n/a","n/a"
"api/<int:version>/compare/college-facilities","CollegeFacilitiesView","GET","✓","✓","⚠","n/a","n/a","n/a"
"api/<int:version>/compare/college-placements","CollegePlacementsAPI","GET","✓","✓","n/a","n/a","n/a","n/a"
"api/<int:version>/compare/class-profile","ClassProfile","GET","✓","✓","⚠","n/a","n/a","n/a"
"api/<int:version>/compare/course-fee-comparison","CourseFeeComparisonAPI","GET","✓","✓","n/a","n/a","n/a","n/a"
"api/<int:version>/compare/quick-facts","QuickFactsAPI","GET","✓","✓","⚠","n/a","n/a","n/a"
"api/<int:version>/compare/fee-comparison","FeeCompareAPI","GET","✓","✓","⚠","n/a","n/a","n/a"
"api/<int:version>/compare/insights","InsightsView","GET","✓","✓","n/a","n/a","n/a","n/a"
"api/<int:version>/compare/college-ranking","ColegeRankingAccreditationApi","GET","✓","✓","n/a","n/a","n/a","n/a"
"api/<int:version>/compare/college-reviews","CollegeReviewsCompare","GET","✓","✓","n/a","n/a","n/a","n/a"
"api/<int:version>/compare/interlinking-compare","InterlinkingComparison","GET","✓","✓","n/a","n/a","n/a","n/a"
"api/<int:version>/compare/class-proflie-graph","ClassProfileGraph","GET","✓","✓","n/a","n/a","n/a","n/a"
"api/<int:version>/compare/fee-graph","FeesGraphView","GET","✓","✓","n/a","n/a","n/a","n/a"
"api/<int:version>/compare/placement-graph-insights","PlacementGraphView","GET","✓","✓","n/a","n/a","n/a","n/a"
"api/<int:version>/compare/ranking-insights-graph","RankingGraphView","GET","✓","✓","⚠","n/a","n/a","n/a"
"api/<int:version>/compare/cut-off","GetCutOff","GET","✓","✓","n/a","n/a","n/a","n/a"
"api/<int:version>/compare/college-review-rating-graph","CollegeReviewRatingGraphView","GET","✓","✓","⚠","n/a","n/a","n/a"
"api/<int:version>/compare/exam-cutoff-graph-comparison","ExamCutGraphoffView","GET","✓","✓","⚠","n/a","n/a","n/a"
"api/<int:version>/compare/client-college-led-push","CompareLeadPush","POST","✓","?","n/a","⚠","n/a","n/a"
"tools","HealthCheck","GET","✓","✓","n/a","n/a","n/a","n/a"
"api/<int:version>/cms/manage-tool/list","ManagePredictorToolAPI","GET","✓","✓","n/a","n/a","n/a","n/a"
"api/<int:version>/cms/manage-tool/filter","CMSToolsFilterAPI","GET","✓","✓","⚠","n/a","n/a","n/a"
"api/<int:version>/cms/manage-tool/basic-detail","CMSToolsBasicDetailAPI","GET|POST","✓","✓","⚠","n/a","n/a","n/a"
"api/<int:version>/cms/manage-tool/tool-content","CMSToolContentAPI","GET|POST","✓","✓","⚠","n/a","n/a","n/a"
"api/<int:version>/cms/manage-tool/input-page-detail","CMSToolsInputPageDetailAPI","GET|POST","✓","✓","⚠","n/a","n/a","n/a"
"api/<int:version>/cms/manage-tool/faq","CMSToolsFaqAPI","GET|POST","✓","✓","✓","n/a","n/a","n/a"
"api/<int:version>/cms/manage-tool/manage-result-page","CMSToolsResultPageAPI","GET|POST","✓","✓","⚠","n/a","n/a","n/a"
"college-predictor","home","<func>","✓","?","n/a","n/a","n/a","n/a"
"college-predictor/report-pdf","preview_college_predictor_report_pdf","<func>","✓","?","⚠","⚠","⚠","⚠"
"api/<int:version>/college-predictor","HealthCheck","GET","✓","✓","n/a","n/a","n/a","n/a"
"api/<int:version>/college-predictor/form-construct","ConstructFormAPI","POST","✓","✓","⚠","n/a","n/a","n/a"
"api/<int:version>/college-predictor/cutoff-index/rebuild","CutoffIndexRebuildAPI","POST","✓","✓","n/a","n/a","⚠","n/a"
"api/<int:version>/college-predictor/alias","ProductFromAliasAPI","GET","✓","✓","n/a","n/a","n/a","n/a"
"api/<int:version>/college-predictor/feedback","CPFeedbackAPI","GET|POST","✓","✓","⚠","n/a","n/a","?"
"api/<int:version>/college-predictor/faqs","CPFAQsAPI","GET","✓","✓","n/a","n/a","n/a","n/a"
"api/<int:version>/college-predictor/other-predictors","OtherPredictorAPI","GET","✓","✓","n/a","n/a","n/a","n/a"
"api/<int:version>/college-predictor/submit","FormSubmitAPI","POST","✓","✓","⚠","n/a","⚠","n/a"
"api/<int:version>/college-predictor/landing-data","LandingPageAPI","GET","✓","✓","n/a","n/a","n/a","n/a"
"api/<int:version>/college-predictor/usage-limit","UsageLimitStatusAPI","GET","✓","✓","⚠","n/a","n/a","n/a"
"api/<int:version>/college-predictor/card-section","CPCardSectionAPI","GET","✓","✓","n/a","n/a","n/a","n/a"
"api/<int:version>/college-predictor/real-time-usage","CpRealTimeUsageAPI","GET|POST","✓","✓","⚠","n/a","n/a","?"
"api/<int:version>/college-predictor/result","CpResultAPI","POST","✓","✓","⚠","n/a","n/a","n/a"
"api/<int:version>/college-predictor/counselling-guidance-banners","CPCounsellingGuidanceBannerAPI","GET","✓","✓","n/a","n/a","n/a","n/a"
"api/<int:version>/college-predictor/accepting-through","CpCollegeAcceptingThroghtAPI","GET","✓","✓","⚠","n/a","n/a","n/a"
"api/<int:version>/college-predictor/most-preferred-courses","MostPreferredCoursesAPI","POST","✓","✓","⚠","n/a","n/a","n/a"
"api/<int:version>/college-predictor/round-wise-cutoff","RoundwiseCutoffAPIView","GET","✓","✓","⚠","n/a","n/a","n/a"
"api/<int:version>/college-predictor/cache-refresh","CacheRefreshAPI","POST","✓","✓","n/a","n/a","n/a","n/a"
"api/<int:version>/college-predictor/seat-allotment/tuples","SeatAllotmentTuplesAPI","POST","✓","✓","⚠","n/a","n/a","n/a"
"api/<int:version>/college-predictor/seat-allotment/search","SeatAllotmentSearchAPI","POST","✓","✓","⚠","n/a","n/a","n/a"
"api/<int:version>/college-predictor/seat-allotment/filter-options","SeatAllotmentFilterOptionsAPI","POST","✓","✓","⚠","n/a","n/a","n/a"
"api/<int:version>/college-predictor/seat-allotment/dropdowns","SeatAllotmentDropdownsAPI","POST","✓","✓","⚠","n/a","n/a","n/a"
"api/<int:version>/college-predictor/seat-allotment/college-seat-data","SeatAllotmentCollegeSeatAPI","GET","✓","✓","⚠","n/a","n/a","n/a"
"api/<int:version>/college-predictor/seat-allotment/cache-flush","SeatAllotmentCacheFlushAPI","POST","✓","✓","✓","n/a","n/a","n/a"
"api/<int:version>/college-predictor/seat-allotment/cutoff-data-sync","CutoffDataSyncAPI","POST","✓","✓","✓","n/a","⚠","n/a"
"api/<int:version>/college-predictor/recharge-success","CpRechargeSuccessAPI","POST","✓","✓","⚠","n/a","n/a","n/a"
"api/<int:version>/college-predictor/course-index-update","CPCourseIndexUpdateAPI","POST","✓","✓","n/a","n/a","n/a","n/a"
"api/<int:version>/college-predictor/adbuddy","GetAdbuddyAPI","GET","✓","✓","n/a","⚠","n/a","n/a"
"api/<int:version>/college-predictor/cache-validate","CacheValidationAPI","POST","✓","✓","n/a","n/a","n/a","n/a"
"api/<int:version>/college-predictor/result-access","UserAccessToResult","GET","✓","✓","n/a","n/a","n/a","n/a"
"api/<int:version>/cms/rp/flow-type","FlowTypeAPI","GET|POST|DELETE","✓","✓","n/a","n/a","n/a","n/a"
"api/<int:version>/cms/rp/exam-session","ExamSessiondAPI","GET|POST","✓","✓","n/a","n/a","n/a","n/a"
"api/<int:version>/cms/rp/appeared-student","RPAppearedStudentsAPI","GET|POST","✓","?","n/a","n/a","n/a","n/a"
"api/<int:version>/cms/rp/create-form","CreateForm","GET|POST","✓","?","n/a","n/a","n/a","n/a"
"api/<int:version>/cms/rp/common-dropdown","CommonDropDownAPI","GET","✓","?","n/a","n/a","n/a","n/a"
"api/<int:version>/cms/rp/variation-factor","VariationFactorAPI","GET|POST","✓","✓","n/a","n/a","n/a","n/a"
"api/<int:version>/cms/rp/custom-mean-sd","CustomMeanSD","GET|POST","✓","✓","n/a","n/a","n/a","n/a"
"api/<int:version>/cms/rp/create-input-form","CreateInputForm","GET|POST","✓","✓","⚠","n/a","n/a","n/a"
"api/<int:version>/cms/rp/input-form-list","InputFormList","GET","✓","✓","n/a","n/a","n/a","n/a"
"api/<int:version>/cms/rp/merit-list-validation-check","MeritListValidationCheck","POST","✓","✓","n/a","n/a","n/a","n/a"
"api/<int:version>/cms/rp/upload-merit-list","UploadMeritList","POST","✓","✓","n/a","n/a","n/a","n/a"
"api/<int:version>/cms/rp/merit-list","MeritListView","GET|POST","✓","✓","n/a","n/a","n/a","n/a"
"api/<int:version>/cms/rp/rp-usage-list","RpUsageReportListingAPI","GET","✓","✓","n/a","n/a","n/a","n/a"
"api/<int:version>/cms/rp/rp-usage-report","RpUsageReportDownloadAPI","GET","✓","?","n/a","n/a","n/a","n/a"
"api/<int:version>/cms/rp/rp-usage-analytics","RpUsageAnalyticsAPI","GET","✓","✓","n/a","n/a","n/a","n/a"
"api/<int:version>/dump/rp-session-table-data","DumpRpSessionAPI","POST","✓","✓","✓","n/a","n/a","n/a"
"api/<int:version>/dump/rp-variation-factor-data","DumpVariationFactorAPI","POST","✓","✓","✓","n/a","n/a","n/a"
"api/<int:version>/announcements/dashboard","AnnouncementDashboardAPI","GET","✓","✓","⚠","n/a","n/a","n/a"
"api/<int:version>/announcements/list","AnnouncementListAPI","GET","✓","✓","⚠","n/a","n/a","n/a"
"api/<int:version>/announcements/filters","AnnouncementFiltersAPI","GET","✓","✓","✓","n/a","n/a","n/a"
"api/<int:version>/announcements/read","MarkAnnouncementReadAPI","POST","✓","✓","⚠","n/a","n/a","n/a"
"api/<int:version>/dashboard/summary","DashboardSummaryAPI","GET","✓","✓","⚠","n/a","n/a","n/a"
"api/<int:version>/dashboard/prediction-stats","DashboardPredictionStatsAPI","GET","✓","✓","⚠","n/a","n/a","n/a"
"api/<int:version>/companion_landing/home-page","CompanionHomePageAPI","GET","✓","✓","✓","n/a","n/a","n/a"
"api/<int:version>/companion_landing/application-open-listing","ApplicationOpenListingAPI","GET","✓","✓","✓","n/a","n/a","n/a"
"api/<int:version>/companion_landing/application-open-filters","ApplicationOpenFiltersAPI","GET","✓","✓","✓","n/a","n/a","n/a"
"api/<int:version>/companion_landing/application-open-search","ApplicationOpenSearchAPI","GET","✓","✓","✓","n/a","n/a","n/a"
"api/<int:version>/companion_landing/companion-purchase-check","CompanionPurchaseCheckAPI","GET","✓","✓","⚠","n/a","⚠","n/a"
"api/<int:version>/companion_landing/companion-recommended-tools-cp","CompanionRecommendedToolsCP","GET","✓","✓","⚠","n/a","n/a","n/a"
"api/<int:version>/companion_landing/companion-recommended-tools-rp","CompanionRecommendedToolsRP","GET","✓","✓","⚠","n/a","n/a","n/a"
"api/<int:version>/companion_landing/registration-prefill","ToolRegistrationPrefillAPI","GET","✓","✓","✓","n/a","n/a","n/a"
"api/<int:version>/companion/dashboard-upgrade-now","CompanionDashboardUpgradeNowAPI","GET","✓","✓","⚠","n/a","n/a","n/a"
"rank-predictor","HealthCheck","GET","✓","✓","n/a","n/a","n/a","n/a"
"api/<int:version>/rank-predictor/landing-data","LandingDataAPI","GET","✓","✓","n/a","n/a","n/a","n/a"
"api/<int:version>/rank-predictor/form-section","FormSectionAPI","GET","✓","✓","n/a","n/a","n/a","n/a"
"api/<int:version>/rank-predictor/top-colleges","TopCollegesAPI","GET","✓","✓","n/a","n/a","n/a","n/a"
"api/<int:version>/rank-predictor/related-products","RelatedProductsAPI","GET","✓","✓","n/a","n/a","n/a","n/a"
"api/<int:version>/rank-predictor/form-submit","UserTrackingAPI","POST|GET","✓","✓","n/a","n/a","n/a","n/a"
"api/<int:version>/rank-predictor","ProductFromAliasAPI","GET","✓","✓","n/a","n/a","n/a","n/a"
"api/<int:version>/rank-predictor/faqs","FaqSectionAPI","GET","✓","✓","⚠","n/a","n/a","n/a"
"api/<int:version>/product/details","ProductDetailsAPI","GET","✓","✓","⚠","n/a","n/a","n/a"
"api/<int:version>/rank-predictor/smart-registration/pre-fill","PrefillProductsAPI","GET","✓","✓","n/a","n/a","n/a","n/a"
"api/<int:version>/rank-predictor/feedback","FeedbackAPI","GET|POST","✓","✓","⚠","n/a","n/a","?"
"api/<int:version>/rank-predictor/graph","GraphAPI","GET","✓","✓","n/a","n/a","n/a","n/a"
"api/<int:version>/rank-predictor/form/pre-fill","FormSectionPreFillAPI","GET","✓","✓","n/a","n/a","n/a","n/a"
"api/<int:version>/rank-predictor/real-time-usage","RealTimeUsageAPI","GET|POST","✓","✓","⚠","n/a","n/a","n/a"
"api/<int:version>/merit-list-graph","MeritListGraphNewAPI","GET","✓","✓","⚠","n/a","n/a","n/a"
"api/<int:version>/rank-predictor/landing/dropdown","DropDownAPI","GET","✓","✓","n/a","n/a","n/a","n/a"
"api/<int:version>/rank-predictor/submit","FormSubmitAPI","POST","✓","✓","⚠","n/a","⚠","n/a"
"api/<int:version>/rank-predictor/result","RpResultAPI","GET","✓","✓","n/a","n/a","n/a","n/a"
"api/<int:version>/rank-predictor/cache","HandleCacheAPI","POST|DELETE","✓","✓","⚠","n/a","n/a","n/a"
"api/<int:version>/rank-predictor/idp","GetRpIdpCollege","GET","✓","?","n/a","⚠","n/a","n/a"
